,Unnamed: 0,subreddit,submission_date,submission_id,submission_type,submission_url,submission_title,no_of_upvotes,comments,comments_langugage,comments_translated_text,llama_response
0,0,Bundesliga,2024-09-28,1frkoqt,Text,/r/Bundesliga/comments/1frkoqt/bundesliga_5_spieltag_trotz_dr√ºckender_dominanz/,Despite pressing dominance: FC Bayern must be satisfied with a score departure against Leverkusen,83,"Bayern unter Kompany ist schon eine ganz andere Welt verglichen mit letzter Saison. Die M√ºnchner haben diese Dominanz, diesen Willen jeden Gegner zu ersticken wieder. Heute waren sie die klar bessere Mannschaft auch wenn vorne nicht immer die ganz klaren Torchancen rumkamen.

 Beim Mannorientiertenpressing haben sich auch ganz klar von Atalanta inspirieren lassen und Leverkusen hat gezeigt, dass sie immer noch Schwierigkeiten damit haben. Vor allem Boniface war vorne oftmals die √§rmste Sau auf den Platz und hat gegen die f√ºr mich √ºberraschen sehr starken Kim und Upamencano kein Land gesehen.

Dennoch wird Leverkusen mit dem Punkt in M√ºnchen mehr als nur leben k√∂nnen. Auch Zwayer fand ich v√∂llig in Ordnung heute",de,"Bayern under Kompany is already a completely different world compared to the last season. The Munichers have this dominance to shut this will every opponent again. Today they were the clearly better team even if in front they didn't always go through the very clear torch opportunities. At man-oriented pressing they have also been very clearly inspired by Atalanta and Leverkusen has shown that they still have difficulties with it. Most importantly Boniface was in front often the poorest sau on the place and has seen against the very strong for me Kim and Upamencano no country. However, Leverkusen with the point in Munich can live more than just.",Human-Conversation
1,1,Bundesliga,2024-09-28,1frkoqt,Text,/r/Bundesliga/comments/1frkoqt/bundesliga_5_spieltag_trotz_dr√ºckender_dominanz/,Despite pressing dominance: FC Bayern must be satisfied with a score departure against Leverkusen,83,"Nach dem Spiel kann man jetzt wohl legitim sagen, dass Kompany bis jetzt einen echt guten Job macht",de,"After the game, you can now legitimately say that Company is doing a really good job so far.",Human-Conversation
2,2,Bundesliga,2024-09-28,1frkoqt,Text,/r/Bundesliga/comments/1frkoqt/bundesliga_5_spieltag_trotz_dr√ºckender_dominanz/,Despite pressing dominance: FC Bayern must be satisfied with a score departure against Leverkusen,83,Auch wenns aufm Papier unentschieden ausging hat Bayern doch recht eindr√ºcklich gezeigt das sie momentan die eindeutig st√§rkste Mannschaft sind.,de,"Even though it was uncertain on paper, Bayern has shown quite clearly that they are the clearly strongest team at the moment.",Human-Conversation
3,3,Bundesliga,2024-09-28,1frkoqt,Text,/r/Bundesliga/comments/1frkoqt/bundesliga_5_spieltag_trotz_dr√ºckender_dominanz/,Despite pressing dominance: FC Bayern must be satisfied with a score departure against Leverkusen,83,"Genau der mutige und dominante Auftritt, den man von einem ungeschlagenen Meister erwarten darf. Starke Leistung. Schade, dass wir nicht die verdienten 3 Punkte in der Nachspielzeit geholt haben.



(/s)",de,It‚Äôs exactly the brave and dominant appearance that one can expect from an untouched master. strong performance. it‚Äôs a shame that we didn‚Äôt get the earned 3 points in the post-game. (/s),Human-Conversation
4,4,Bundesliga,2024-09-28,1frkoqt,Text,/r/Bundesliga/comments/1frkoqt/bundesliga_5_spieltag_trotz_dr√ºckender_dominanz/,Despite pressing dominance: FC Bayern must be satisfied with a score departure against Leverkusen,83,"Denke Leverkusen hat angesichts der krassen Dominanz die Bayern derzeit ausstrahlt bewusst sehr defensiv gespielt, allerdings h√§tten sie sich wohl mehr Konterchancen erhofft. Bayerns Spielanlage ist schon echt stark, gerade durch das Mann gegen Mann pressing lassen sie dem Gegner quasi kaum Luft. Den Respekt davor konnte man Leverkusen heute deutlich ansehen. 

Bayern h√§tte den Sieg nat√ºrlich mehr verdient gehabt aber das 1:1 geht auch in Ordnung w√ºrde ich sagen, da Leverkusen defensiv das meiste echt gut wegverteidigt hat und es jetzt auch kein Chancenfestival war. Bayer wird mit dem Ergebnis sicher zufriedener sein, aber das Spiel hat auch gezeigt dass die Meisterschaft in diesem Jahr wahrscheinlich wieder √ºber Bayern geht. Hoffe dennoch auf einen Zweikampf um den Titel der Spannung wegen, Leverkusen kann sonst fast jeden Gegner dominieren und sie sind vielleicht das taktisch flexibelste Team. 

Noch kurz zur Gesamtsituation in der Bundesliga, ich finde man sieht dass viel mehr Teams wirklich guten Fu√üball spielen wollen als noch im Vergleich zu den letzten Saisons. Bayern, Stuttgart, Bayer, RB, Dortmund, Frankfurt spielen alle einen sehr gepflegten Ball bzw. wollen es zumindest. Mit Union Fu√üball wie vor 2-3 Jahren kommt man nicht mehr unter die besten 6. Selbst bei St Pauli sieht man ja, dass die jetzt endlich besser spielen seitdem sie mutiger und offensiver agieren im alten 343 System. 
Klar gibt es noch ab und an Schrottspiele wie heute Gladbach vs Union, aber die sind wesentlich seltener geworden und die meisten Spiele sind mittlerweile wirklich gut anzugucken. Dazu die sowieso immer gute Stimmung macht die Bundesliga derzeit wirklich attraktiv.",de,"Think Leverkusen has played consciously very defensively in the face of the crass dominance the Bayern currently broadcast, however they would probably have hoped more counter-chances. Bayern's game facility is already really strong, just by the man against pressing they let the opponent almost hardly air. Respect before it can be seen clearly today. Bayern would have the victory of course more deserved but the 1:1 goes well I would say, since Leverkusen defensive the most really well defended and it was now also no chance festival. Bayer will be more satisfied with the result, but the game has also shown that the championship this year is likely to go back over Bayern.",Human-Conversation
5,5,Bundesliga,2024-09-28,1frkoqt,Text,/r/Bundesliga/comments/1frkoqt/bundesliga_5_spieltag_trotz_dr√ºckender_dominanz/,Despite pressing dominance: FC Bayern must be satisfied with a score departure against Leverkusen,83,"Hab etwas mehr erwartet von Leverkusen, war dann doch schon sehr einseitig",de,"I expected a little more from Leverkusen, it was already very unilateral.",Human-Conversation
6,6,Bundesliga,2024-09-28,1frkoqt,Text,/r/Bundesliga/comments/1frkoqt/bundesliga_5_spieltag_trotz_dr√ºckender_dominanz/,Despite pressing dominance: FC Bayern must be satisfied with a score departure against Leverkusen,83,Schlechtestes aufbauspiel das ich bei uns seit einer langen zeit gesehen habe. Hoch und weg.,de,The worst building I‚Äôve seen with us for a long time. high and away., Human-Conversation
7,7,Bundesliga,2024-09-28,1frkoqt,Text,/r/Bundesliga/comments/1frkoqt/bundesliga_5_spieltag_trotz_dr√ºckender_dominanz/,Despite pressing dominance: FC Bayern must be satisfied with a score departure against Leverkusen,83,"Leider nur ein Unentschieden, aber dass wir den Fussball, den wir gegen Kiel, Bremen und Zagreb gezeigt haben von der Dominanz her auch gegen Leverkusen zeigen konnten, war geil zu sehen.

Da sieht man auch mal wieder, was ein Trainer ausmachen kann. Bis auf Olise standen die gleichen Spieler auf dem Platz wie im Februar, als wir chancenlos 0:3 untergegangen sind gegen Leverkusen.",de,"Unfortunately only a disagreement, but that we were able to show the football we have shown against Kiel, Bremen and Zagreb from the dominance also against Leverkusen, was great to see. There you can also see again what a coach can do. Besides Olise the same players stood on the square as in February, when we were unlikely to fall 0:3 against Leverkusen.",Human-Conversation
8,8,Bundesliga,2024-09-28,1frkoqt,Text,/r/Bundesliga/comments/1frkoqt/bundesliga_5_spieltag_trotz_dr√ºckender_dominanz/,Despite pressing dominance: FC Bayern must be satisfied with a score departure against Leverkusen,83,"Beeindruckendes Pressing von den Bayern, die sogar Leverkusen und ihr so gutes Aufbauspiel komplett eingeschn√ºrt haben, h√§tten sich den Sieg eigentlich verdient gehabt

Ich fand Zwayer auch sehr gut, war kein einfaches Spiel zu leiten aber hatte keine gr√∂√üeren Fehler drin, da muss man ihn nicht schon vor dem Spiel haten, man kann ja auch warten ob er dann auch liefert oder nicht",de,"Impressive pressing from the Bavarians, who have even insulted Leverkusen and her so good game, would have really deserved the victory I found Zwayer very good, it was not easy to play but there was no bigger mistakes in it, so you don't have to hate him before the game, you can also wait whether he will deliver or not.",Human-Conversation
9,9,Bundesliga,2024-09-28,1frkoqt,Text,/r/Bundesliga/comments/1frkoqt/bundesliga_5_spieltag_trotz_dr√ºckender_dominanz/,Despite pressing dominance: FC Bayern must be satisfied with a score departure against Leverkusen,83,"Rein von dan Zahlen k√∂nnte man theoretisch Schlussfolgerungen, dass Leverkusen extrem effizient war um aus 0,x expected goals ein Tor zu machen und Bayern ""Dominanz"" lie√üe sich aus 1,x expected goals auch nicht unbedingt ableiten.",de,"Theoretically, there could be conclusions that Leverkusen was extremely efficient in making a goal from 0.x expected goals and Bayern ""Dominance"" could not necessarily get out of 1.x expected goals.",Human-Conversation
10,10,Bundesliga,2024-09-25,1fp2gxy,Text,/r/Bundesliga/comments/1fp2gxy/3_liga_07_spieltag_alle_ergebnisse_spielberichte/,"[3.Liga‚ô∞ 07 Game Day] All results, game reports and TV summaries",16,"Mit Bielefeld sind wir vor 4 Jahren gemeinsam in die erste Liga aufgestiegen. Bielefeld  sogar mit 10 Punkte Vorsprung. Und jetzt 3:0 gegen unsere U21 kassiert, w√§hrend wir in der Champions League sind.

Wild, wie stark Wege auseinander gehen k√∂nnen.",de,With Bielefeld we got up together in the first league 4 years ago. Bielefeld even with 10 points advance. And now 3:0 against our U21 while we are in the Champions League.,Human-Conversation
11,11,Bundesliga,2024-09-25,1fp2gxy,Text,/r/Bundesliga/comments/1fp2gxy/3_liga_07_spieltag_alle_ergebnisse_spielberichte/,"[3.Liga‚ô∞ 07 Game Day] All results, game reports and TV summaries",16,Endlich tun wir mal was f√ºrs Torverh√§ltnis... Aber verdient war es nicht.,de,Finally we‚Äôve done something for the gate relationship... but it didn‚Äôt deserve it.,Human-Conversation
12,12,Bundesliga,2024-09-25,1fp2gxy,Text,/r/Bundesliga/comments/1fp2gxy/3_liga_07_spieltag_alle_ergebnisse_spielberichte/,"[3.Liga‚ô∞ 07 Game Day] All results, game reports and TV summaries",16,Die Aachener haben richtig peinlich versucht den G√§steblock zu st√ºrmen,de,The Aacheners tried to shake the guest block.,Human-Conversation
13,13,Bundesliga,2024-09-25,1fp2gxy,Text,/r/Bundesliga/comments/1fp2gxy/3_liga_07_spieltag_alle_ergebnisse_spielberichte/,"[3.Liga‚ô∞ 07 Game Day] All results, game reports and TV summaries",16,"Haben uns endlich belohnt. Ich hoffe, dass wir diese Saison nicht mehr in der Abstiegszone sein werden.",de,I hope we won‚Äôt be in the drop zone this season.,Human-Conversation
14,14,Bundesliga,2024-09-25,1fp2gxy,Text,/r/Bundesliga/comments/1fp2gxy/3_liga_07_spieltag_alle_ergebnisse_spielberichte/,"[3.Liga‚ô∞ 07 Game Day] All results, game reports and TV summaries",16,"Hei√ües Nehmen: Pele Wollitz wird mit Cottbus rasieren und macht den Durchmarsch nach Liga 2, seine Ex hat ja er mal emotionslos rasiert.",de,"Hot take: Pele Wollitz will shave with Cottbus and make the passage to League 2, his ex has once shaved emotionally.",Human-Conversation
15,15,Bundesliga,2024-09-27,1fquz8o,Link,/r/Bundesliga/comments/1fquz8o/ssvtorh√ºter_schwer_verletzt_ulm_legt_gegen/,SSV Torh√ºter seriously injured: Ulm plays against Braunschweig - but takes care of Ortag,17,"Gute Besserung, auf den Nacken zu fallen ist √ºbel.",de,"Good healing, falling on the neck is bad.",Human-Conversation
16,16,Bundesliga,2024-09-27,1fqrlpo,Link,/r/Bundesliga/comments/1fqrlpo/planungssicherheit_zwischen_den_blauwei√üen/,Planning security between the blue-white posters: Tjark Ernst has extended his contract to 2027,14,"Immer noch sau schade, dass wir ihn nicht halten konnten.",de,It‚Äôs a sad thing that we couldn‚Äôt keep him.,Human-Conversation
17,17,Bundesliga,2024-09-27,1fqrlpo,Link,/r/Bundesliga/comments/1fqrlpo/planungssicherheit_zwischen_den_blauwei√üen/,Planning security between the blue-white posters: Tjark Ernst has extended his contract to 2027,14,Blau wei√üe Pfosten. Der gag schreibt sich doch von selbst,de,Blue white post. the gag writes himself.,Human-Conversation
18,18,Bundesliga,2024-09-27,1fqrlpo,Link,/r/Bundesliga/comments/1fqrlpo/planungssicherheit_zwischen_den_blauwei√üen/,Planning security between the blue-white posters: Tjark Ernst has extended his contract to 2027,14,"Der Vorname kommt mir immer noch nicht koscher vor, aber trotzdem macht er einen guten Job",de,"I don‚Äôt know the name, but it still makes a good job.",Human-Conversation
19,19,Bundesliga,2024-09-27,1fqrlpo,Link,/r/Bundesliga/comments/1fqrlpo/planungssicherheit_zwischen_den_blauwei√üen/,Planning security between the blue-white posters: Tjark Ernst has extended his contract to 2027,14,Und dieser sichere Plan soll jetzt Tore verhindern oder wie?,de,And this safe plan is to prevent the gates now or how?,Human-Conversation
20,20,Bundesliga,2024-09-27,1fqrlpo,Link,/r/Bundesliga/comments/1fqrlpo/planungssicherheit_zwischen_den_blauwei√üen/,Planning security between the blue-white posters: Tjark Ernst has extended his contract to 2027,14,Twitter ü§Æ,de,Twitter ‚Üì,N/A
21,21,Bundesliga,2024-09-27,1fqqkkg,Link,/r/Bundesliga/comments/1fqqkkg/pr√§sident_allgaier_neuer_aufsichtsratschef_beim/,President Allgaier new Supervisory Board Chief at VfB,13,No comments,fr,No comments,N/A
22,22,Bundesliga,2024-09-28,1fr95gj,Link,/r/Bundesliga/comments/1fr95gj/zorniger_zorniger_kritisiert_j√∂llenbeck_du/,J√∂llenbeck criticizes Zorniger: ‚ÄúYou bring your best possible performance‚Äù,69,√úberschrift 10/10,de,Title 10/10,Human-Conversation
23,23,Bundesliga,2024-09-28,1fr95gj,Link,/r/Bundesliga/comments/1fr95gj/zorniger_zorniger_kritisiert_j√∂llenbeck_du/,J√∂llenbeck criticizes Zorniger: ‚ÄúYou bring your best possible performance‚Äù,69,Er hat sogar mit ein paar Sachen recht. Das mit dem Puls z. B. Trotzdem ist zorniger Zorniger wie hei√üe Sonne redundant.¬†,de,"He‚Äôs even right with a few things. that with the pulse for example, however, angry anger like hot sun is redundant.",Human-Conversation
24,24,Bundesliga,2024-09-28,1fr95gj,Link,/r/Bundesliga/comments/1fr95gj/zorniger_zorniger_kritisiert_j√∂llenbeck_du/,J√∂llenbeck criticizes Zorniger: ‚ÄúYou bring your best possible performance‚Äù,69,Soviel Humor hab ich dem Kicker garnicht zugetraut.,de,I haven‚Äôt given so much humor to the Kickstarter.,Human-Conversation
25,25,Bundesliga,2024-09-28,1fr95gj,Link,/r/Bundesliga/comments/1fr95gj/zorniger_zorniger_kritisiert_j√∂llenbeck_du/,J√∂llenbeck criticizes Zorniger: ‚ÄúYou bring your best possible performance‚Äù,69,Schiedsrichter w√ºtend kritisieren bringt immer viel und sieht nach au√üen immer total professionell und ausgeglichen aus,de,Judges angry criticism always brings a lot and looks outdoors always completely professional and balanced.,Human-Conversation
26,26,Bundesliga,2024-09-28,1fr95gj,Link,/r/Bundesliga/comments/1fr95gj/zorniger_zorniger_kritisiert_j√∂llenbeck_du/,J√∂llenbeck criticizes Zorniger: ‚ÄúYou bring your best possible performance‚Äù,69,"‚ÄûOk danke f√ºr den Reminder, hab vergessen dass ich mich bem√ºhen muss.‚Äú",de,"‚ÄúOk, thank you for the reminder, I forgot that I have to try.‚Äù",Human-Conversation
27,27,Bundesliga,2024-09-28,1fr95gj,Link,/r/Bundesliga/comments/1fr95gj/zorniger_zorniger_kritisiert_j√∂llenbeck_du/,J√∂llenbeck criticizes Zorniger: ‚ÄúYou bring your best possible performance‚Äù,69,Da arbeitet der deutsche Goethe beim kicker mit der √úberschrift,de,The German Goethe is working on the kicker with the title.,Human-Conversation
28,28,Bundesliga,2024-09-28,1fr95gj,Link,/r/Bundesliga/comments/1fr95gj/zorniger_zorniger_kritisiert_j√∂llenbeck_du/,J√∂llenbeck criticizes Zorniger: ‚ÄúYou bring your best possible performance‚Äù,69,"Ja, die Freibadruine aktuell ist nicht das beste und das Altenheim am Adlerdenkmal war auch mal besser, aber was hat der gegen mein Dorf :(",de,"Yes, the freibadruine is currently not the best and the old house at the addenkmal was also better, but what has it against my village :(",Human-Conversation
29,29,Bundesliga,2024-09-28,1fr95gj,Link,/r/Bundesliga/comments/1fr95gj/zorniger_zorniger_kritisiert_j√∂llenbeck_du/,J√∂llenbeck criticizes Zorniger: ‚ÄúYou bring your best possible performance‚Äù,69,"Er sagt ja selbst, dass er das Gef√ºhl hat, Respekt sei eine Einbahnstra√üe und merkt nicht dass das auf ihn zu 100% zutrifft.",de,He says himself that he feels that respect is a single road and does not realize that it is 100% true to him.,Human-Conversation
30,30,Bundesliga,2024-09-28,1fr95gj,Link,/r/Bundesliga/comments/1fr95gj/zorniger_zorniger_kritisiert_j√∂llenbeck_du/,J√∂llenbeck criticizes Zorniger: ‚ÄúYou bring your best possible performance‚Äù,69,"Der entschuldigt sich bestimmt immer, wenn er ohne Grund oder in falschen Annahmen rumschreit? Auch bei seinen Spielern (au√üer wenn er √∂ffentlich dazu gen√∂tigt wird)? Bei Stuttgart hat er sich schon genauso verhalten.

Wenn man sich anschaut, wie er da am Rand rumschreit und ausflippt, und wenn es nur eine total eindeutige Einwurfentscheidung in seiner N√§he ist, dann aber von Respekt und Einbahnstra√üe spricht macht er sich echt l√§cherlich. 

Es gibt hunderte Videos, wo Zorniger sich √ºber irgendwas aufregt und dabei v√∂llig falsch liegt. Entschuldigt er sich hinterher daf√ºr jedes mal beim Schiedsrichter?

In F√ºhrt sind sie wohl gestern alle mit dem falschen Bein aufgestanden, Rachid Azzouzi will den Schiedsrichter anzeigen, weil dieser und Sergio Pinto (HLI dass er Chefscout von F√ºhrt ist) als Zeugen benennen.",de,"The person will always apologize if he rounds without reason or in false assumptions? Also with his players (except if he is publicly forced to do so)? At Stuttgart he has already behaved the same way. If you look at how he rounds on the edge and flip out there, and if it is only a completely clear injury decision near him, but then he speaks of respect and one-way, he makes himself really ridiculous. There are hundreds of videos where Zorniger excites about something and lies completely wrong. Is he apologizing for that every time at the judge? In guiding they are probably yesterday with all the false foot on the edge, Rachzouzi‚Äôs judge will be the judge, because he is the leader of this and he is the leader of this.",Human-Conversation
31,31,Bundesliga,2024-09-28,1fr95gj,Link,/r/Bundesliga/comments/1fr95gj/zorniger_zorniger_kritisiert_j√∂llenbeck_du/,J√∂llenbeck criticizes Zorniger: ‚ÄúYou bring your best possible performance‚Äù,69,"F√ºrth hat ein kleines Aggressionsproblem kann das sein? Komischerweise nichtmal in der Mannschaft, aber der gute Rachid Azzouzi hat ja schon w√§hrend des Spiels gestern recht schnell die rote Karte abgeholt.",de,"For example, not even in the team, but the good Rachid Azzouzi has already taken the red card quite quickly during the game yesterday.",Human-Conversation
32,32,Bundesliga,2024-09-29,1fs03er,Link,/r/Bundesliga/comments/1fs03er/904_konstantinos_koulierakis_vfl_wolfsburg_fallon/,90+4' Konstantinos Koulierakis [VfL Wolfsburg] Fallon d'Floor Nominated,511,Sowas ist einfach nur unsportlich und sollte in Zukunft h√§rter bestraft werden,de,This is simply unsports and should be punished harder in the future.,Human-Conversation
33,33,Bundesliga,2024-09-29,1fs03er,Link,/r/Bundesliga/comments/1fs03er/904_konstantinos_koulierakis_vfl_wolfsburg_fallon/,90+4' Konstantinos Koulierakis [VfL Wolfsburg] Fallon d'Floor Nominated,511,Ganz ehrlich sofort gelb sowas. Alleine schon um so ein Verhalten nicht weiter zu kultivieren. So passiert einem als Worst Case nichts und Best Case bekommt man einen Freisto√ü und der Gegner Gelb. Null sportlich fair sowas.,de,Just honestly instantly yellow like that. alone already for such a behavior not to cultivate further. so happens to one as the worst case nothing and the best case you get a freedom and the opponent yellow. zero sports fair like that.,Human-Conversation
34,34,Bundesliga,2024-09-29,1fs03er,Link,/r/Bundesliga/comments/1fs03er/904_konstantinos_koulierakis_vfl_wolfsburg_fallon/,90+4' Konstantinos Koulierakis [VfL Wolfsburg] Fallon d'Floor Nominated,511,"So ein Krampf im Fu√ü ist gemein.
Bisschen Magnesium nehmen, dann wird das wieder...",de,"Take a bit of magnesium, then it will be again..."," HiddenMessage (Note: This label doesn't fit the given options exactly; however, as per instructions for N/A when none apply or an exact match cannot be determined). -> **N/A**."
35,35,Bundesliga,2024-09-29,1fs03er,Link,/r/Bundesliga/comments/1fs03er/904_konstantinos_koulierakis_vfl_wolfsburg_fallon/,90+4' Konstantinos Koulierakis [VfL Wolfsburg] Fallon d'Floor Nominated,511,So stabil von Undav da nicht komplett an die Decke zu gehen.,de,So stable from Undav there is not to go completely to the roof., Human-Conversation
36,36,Bundesliga,2024-09-29,1fs03er,Link,/r/Bundesliga/comments/1fs03er/904_konstantinos_koulierakis_vfl_wolfsburg_fallon/,90+4' Konstantinos Koulierakis [VfL Wolfsburg] Fallon d'Floor Nominated,511,Bah. Mies.¬†,id,by Mies.,Human-Conversation
37,37,Bundesliga,2024-09-29,1fs03er,Link,/r/Bundesliga/comments/1fs03er/904_konstantinos_koulierakis_vfl_wolfsburg_fallon/,90+4' Konstantinos Koulierakis [VfL Wolfsburg] Fallon d'Floor Nominated,511,Die Aktion beschreibt das Wolfsburger Spiel ziemlich gut,de,The action describes the Wolfsburger game quite well, Human-Conversation
38,38,Bundesliga,2024-09-29,1fs03er,Link,/r/Bundesliga/comments/1fs03er/904_konstantinos_koulierakis_vfl_wolfsburg_fallon/,90+4' Konstantinos Koulierakis [VfL Wolfsburg] Fallon d'Floor Nominated,511,Richtig sympathische Truppe. Auch die Aktion von Arnold im gleichen Spiel.,de,Really sympathetic troops. also the action of Arnold in the same game.,Human-Conversation
39,39,Bundesliga,2024-09-29,1fs03er,Link,/r/Bundesliga/comments/1fs03er/904_konstantinos_koulierakis_vfl_wolfsburg_fallon/,90+4' Konstantinos Koulierakis [VfL Wolfsburg] Fallon d'Floor Nominated,511,Unsportlich.,de,It is unsports.,Human-Conversation
40,40,Bundesliga,2024-09-29,1fs03er,Link,/r/Bundesliga/comments/1fs03er/904_konstantinos_koulierakis_vfl_wolfsburg_fallon/,90+4' Konstantinos Koulierakis [VfL Wolfsburg] Fallon d'Floor Nominated,511,Wie kann man als erwachsener Mann nach so einer Aktion noch in den Spiegel schauen? Peinlich sowas,de,How can you look in the mirror as an adult man after such an action?,Human-Conversation
41,41,Bundesliga,2024-09-29,1fs03er,Link,/r/Bundesliga/comments/1fs03er/904_konstantinos_koulierakis_vfl_wolfsburg_fallon/,90+4' Konstantinos Koulierakis [VfL Wolfsburg] Fallon d'Floor Nominated,511,Richtige Ratte,de,The Right Rat, Human-Conversation
42,42,Bundesliga,2024-09-25,1foyrwa,Link,/r/Bundesliga/comments/1foyrwa/keine_bibliothek_tsgkapit√§n_baumann_fordert_ende/,‚ÄúNo Library‚Äù: TSG Captain Baumann calls for the end of voting boycott,26,"Krass, wie konsequent die Fans das seit 2008 durchziehen",de,How consistent the fans have gone through since 2008,Human-Conversation
43,43,Bundesliga,2024-09-25,1foyrwa,Link,/r/Bundesliga/comments/1foyrwa/keine_bibliothek_tsgkapit√§n_baumann_fordert_ende/,‚ÄúNo Library‚Äù: TSG Captain Baumann calls for the end of voting boycott,26,"Ich Steck da jetzt nicht drin, aber die Fans machen das doch wegen dem, was die F√ºhrung in Sommer mit Leuten wie Rosen gemacht hat, oder ? 
Wie kommt Baumann jetzt zu der Annahme, er k√∂nne irgendwas von den Fans fordern ? Oder war es eher ein bitten und der Titel ist einfach nur gew√∂hnlicher √ºbertriebener Titel ?",de,"I‚Äôm not stuck there now, but the fans do it because of what the leadership did in the summer with people like roses, right? how does Baumann now come to the assumption that he could ask for something from the fans? or was it rather a request and the title is just a usual exaggerated title?",Human-Conversation.
44,44,Bundesliga,2024-09-25,1foyrwa,Link,/r/Bundesliga/comments/1foyrwa/keine_bibliothek_tsgkapit√§n_baumann_fordert_ende/,‚ÄúNo Library‚Äù: TSG Captain Baumann calls for the end of voting boycott,26,Was √§ndert sich denn dann?,de,What will then change?,Human-Conversation
45,45,Bundesliga,2024-09-25,1foyrwa,Link,/r/Bundesliga/comments/1foyrwa/keine_bibliothek_tsgkapit√§n_baumann_fordert_ende/,‚ÄúNo Library‚Äù: TSG Captain Baumann calls for the end of voting boycott,26,"Das Singvieh soll gef√§lligst singen, so wie man es von ihm erwartet! 

Wof√ºr wird es denn sonst bezahlt... √§hh zahlt es Ticket und Mitgliedsbeitrag. Also darf man als Spieler und Vereinsboss eben Anspr√ºche an das Singvieh haben!1!!",de,"The singvieh should be pleasantly sing, as you expect it from him! for what otherwise it is paid... ahhh it pays ticket and membership contribution. So you can as a player and club boss just have claims to the singvieh!1!!",Human-Conversation
46,46,Bundesliga,2024-09-25,1foyrwa,Link,/r/Bundesliga/comments/1foyrwa/keine_bibliothek_tsgkapit√§n_baumann_fordert_ende/,‚ÄúNo Library‚Äù: TSG Captain Baumann calls for the end of voting boycott,26,W√§rst du beim SC geblieben h√§ttest du die Stimmung ;),de,"If you had stayed at SC, you would have the mood ;)",Human-Conversation
47,47,Bundesliga,2024-09-25,1foyrwa,Link,/r/Bundesliga/comments/1foyrwa/keine_bibliothek_tsgkapit√§n_baumann_fordert_ende/,‚ÄúNo Library‚Äù: TSG Captain Baumann calls for the end of voting boycott,26,Hoffenheim-Fans: ‚ÄúH√§? Welcher Stimmungsboykott?‚Äù,de,"Hoffenheim fans: ‚ÄúHey, what mood boycott?‚Äù",Human-Conversation
48,48,Bundesliga,2024-09-25,1foyrwa,Link,/r/Bundesliga/comments/1foyrwa/keine_bibliothek_tsgkapit√§n_baumann_fordert_ende/,‚ÄúNo Library‚Äù: TSG Captain Baumann calls for the end of voting boycott,26,Handlungszwirbler: es gibt keinen.,de,Avoid action: there is no.,N/A
49,49,Bundesliga,2024-09-25,1foyrwa,Link,/r/Bundesliga/comments/1foyrwa/keine_bibliothek_tsgkapit√§n_baumann_fordert_ende/,‚ÄúNo Library‚Äù: TSG Captain Baumann calls for the end of voting boycott,26,Klingt wie ein Postillon-Artikel.,de,It sounds like a Postillon article.,Human-Conversation
50,50,Bundesliga,2024-09-25,1foyrwa,Link,/r/Bundesliga/comments/1foyrwa/keine_bibliothek_tsgkapit√§n_baumann_fordert_ende/,‚ÄúNo Library‚Äù: TSG Captain Baumann calls for the end of voting boycott,26,"Was darf Satire, oder wie?",de,"What is Satire, or how?",Human-Conversation
51,51,Bundesliga,2024-09-25,1foyrwa,Link,/r/Bundesliga/comments/1foyrwa/keine_bibliothek_tsgkapit√§n_baumann_fordert_ende/,‚ÄúNo Library‚Äù: TSG Captain Baumann calls for the end of voting boycott,26,Unsere Bibliotheken haben mehr Besucher als deren Heimspiele!,de,Our libraries have more visitors than their home games!,Human-Conversation
52,52,Bundesliga,2024-09-28,1frnhc9,Link,/r/Bundesliga/comments/1frnhc9/schalker_sturzflug_endet_dank_m√ºnsteraner_hilfe/,Schalker falling flight ends thanks to Munsteran help,35,Sylla ist der K√∂nig der Kullertore,de,Sylla is the King of the Golden Doors., Human-Conversation
53,53,Bundesliga,2024-09-28,1frnhc9,Link,/r/Bundesliga/comments/1frnhc9/schalker_sturzflug_endet_dank_m√ºnsteraner_hilfe/,Schalker falling flight ends thanks to Munsteran help,35,"M√ºnsteraner Selbstsabotage. 

Bisher ist es ein Spieltag, an dem unsere Schiedsrichter insgesamt keine gute Figur machen.",de,So far it‚Äôs a game day when our judges don‚Äôt make a good figure.,Human-Conversation
54,54,Bundesliga,2024-09-28,1frnhc9,Link,/r/Bundesliga/comments/1frnhc9/schalker_sturzflug_endet_dank_m√ºnsteraner_hilfe/,Schalker falling flight ends thanks to Munsteran help,35,Zum Gl√ºck hat Diddy Baby√∂l im M√ºnsterer Strafraum verteilt üò≠,de,"Fortunately, Diddy has distributed baby oil in the M√ºnster Criminal Room.",Human-Conversation
55,55,Bundesliga,2024-09-28,1frnhc9,Link,/r/Bundesliga/comments/1frnhc9/schalker_sturzflug_endet_dank_m√ºnsteraner_hilfe/,Schalker falling flight ends thanks to Munsteran help,35,Durch zwei Gurkentore gewonnen. Daf√ºr musste man Karel entlassen? Dieser Verein macht wie immer keinen Sinn,de,Through two Gurkentores. for that you had to release Karel? this association does not make sense as usual,Human-Conversation
56,56,Bundesliga,2024-09-28,1frnhc9,Link,/r/Bundesliga/comments/1frnhc9/schalker_sturzflug_endet_dank_m√ºnsteraner_hilfe/,Schalker falling flight ends thanks to Munsteran help,35,Jetzt mal was ganz anderes. Was war da bitte mit dem rasen los? Gabs √ºberhaupt einen einzigen Spieler der nicht weggerutscht ist?!,de,What did you do with this game? - What did you do with this game? - What did you do with this game? - What did you do with this game? - What did you do with this game? - What did you do with this game?,N/A
57,57,Bundesliga,2024-09-28,1frnhc9,Link,/r/Bundesliga/comments/1frnhc9/schalker_sturzflug_endet_dank_m√ºnsteraner_hilfe/,Schalker falling flight ends thanks to Munsteran help,35,Einfach nur peinlich.,de,Simply ashamed.,Human-Conversation
58,58,Bundesliga,2024-09-28,1frnhc9,Link,/r/Bundesliga/comments/1frnhc9/schalker_sturzflug_endet_dank_m√ºnsteraner_hilfe/,Schalker falling flight ends thanks to Munsteran help,35,Das ist nicht mein Schalke.,de,This is not my shell.,Human-Conversation
59,59,Bundesliga,2024-09-28,1frnhc9,Link,/r/Bundesliga/comments/1frnhc9/schalker_sturzflug_endet_dank_m√ºnsteraner_hilfe/,Schalker falling flight ends thanks to Munsteran help,35,stabiler sieg,da,Stable seat,N/A
60,60,Bundesliga,2024-09-27,1fqc3xd,Link,/r/Bundesliga/comments/1fqc3xd/wie_bremer_vereine_sich_gegen_illegale/,How Bremer clubs defend against illegal sports betting in football,8,Sportwetten auf Bremer Vereine halte ich generell f√ºr ein Paradoxon.,de,I think sports betting on Bremer clubs is a paradox.,Human-Conversation
